id	prob	class	frag
EAM53233.1	0.046913624	1	EINQALENEGEGSNIMNVYGGKAYQQNQNKGKIYNADQIT
EFH84761.1	0.99999964	1	QQQQIGMGKFNIQNNGNVYGQNIGDHQTITQHFEESPNKA
ADN17024.1	0.00010836568	1	MKDAAFAQELRTLAQQIQQDIDIQQGAGSEVWNVIGKAEK
CCI22909.1	0.9999367	1	QLKPQEAAEGKFSVQISGGKVQGNIQGNQGDIGNINQTFN
AFR28659.1	0.021156907	1	KAAEAVLQAANEAGFATKYQVVVSGGKVGIVGDHGHVTVN
EYU71351.1	5.7662145e-08	1	RALLRCGTLLEGDLAVSTGKATATDGGHAVTGVERTGGVD
AKB28314.1	0.0027172565	1	MMQDSVIQRVLANSNSKIEDVEQNAISNVRQEVIATNNSS
KUP95584.1	1.4973742e-06	1	TPNIGTQFATGNQHAHAEGQAQQAVQYSGTQTNTFTRDPR
KZB79293.1	0.9854388	1	RLAEPEAAKAGKYNVTITGNVQGMATGDHQHVEMKFGQQT
SCG45712.1	0.95817053	1	QQLPATEKDWVNTFIAGGNATQYNAPGGSITVTNHLGERF
OLT24340.1	2.2706125e-05	1	GGNSYGGDHIDFSHGQFQGPVTGKSVHHGPDGGGTDGPGG
BAY13571.1	0.72470284	1	ISKVVNSFNQTISGNNNLVQNMAGNGNKAIGTVGGNATIN
BAY19969.1	0.99959123	1	FEKQGQGSNVMNVYGGKAYQQNQNQGKIYNADTITIHEKP
PAC32596.1	0.021131545	1	VKVIASKTGNTSTQTNTMTVTGDGNYSFQGISNSNINIGK
PIB05176.1	3.3677443e-07	1	AGTAQDGPGPKYQTEFHGQVGSAVVGDTAHVEVTVHKPGP
PKB37636.1	1.8073945e-06	1	MLLEQLPEEEQQKVAAELQALVEQAQAQAPVQSTHNDFSN
PKT67323.1	0.032370836	1	VQAAGPVDVAFATGTAKATNGATASTGVVRPGGTGPGSAT
PLS85526.1	0.0039756894	1	RAQLGGEQHVQSIIGNYNAQADRGSTAEVRVNQPEERQGA
